/*
 Navicat Premium Dump SQL

 Source Server         : localhost_3306
 Source Server Type    : MySQL
 Source Server Version : 90600 (9.6.0)
 Source Host           : localhost:3306
 Source Schema         : distributionbox

 Target Server Type    : MySQL
 Target Server Version : 90600 (9.6.0)
 File Encoding         : 65001

 Date: 22/02/2026 20:32:31
*/

SET NAMES utf8mb4;
SET FOREIGN_KEY_CHECKS = 0;

-- ----------------------------
-- Table structure for sys_box
-- ----------------------------
DROP TABLE IF EXISTS `sys_box`;
CREATE TABLE `sys_box` (
  `id` int NOT NULL AUTO_INCREMENT,
  `box_address` varchar(255) COLLATE utf8mb4_general_ci DEFAULT NULL,
  `box_id` varchar(100) COLLATE utf8mb4_general_ci DEFAULT NULL,
  `station` varchar(100) COLLATE utf8mb4_general_ci DEFAULT NULL,
  `area` varchar(100) COLLATE utf8mb4_general_ci DEFAULT NULL,
  `system_url` varchar(500) COLLATE utf8mb4_general_ci DEFAULT NULL,
  `first_url` varchar(500) COLLATE utf8mb4_general_ci DEFAULT NULL,
  `second_url` varchar(500) COLLATE utf8mb4_general_ci DEFAULT NULL,
  `third_url` varchar(500) COLLATE utf8mb4_general_ci DEFAULT NULL,
  `fourth_url` varchar(500) COLLATE utf8mb4_general_ci DEFAULT NULL,
  `size` varchar(100) COLLATE utf8mb4_general_ci DEFAULT NULL,
  `deleted` tinyint NOT NULL DEFAULT '0' COMMENT 'soft delete:0 active,1 deleted',
  PRIMARY KEY (`id`)
) ENGINE=InnoDB AUTO_INCREMENT=9 DEFAULT CHARSET=utf8mb4 COLLATE=utf8mb4_general_ci;

-- ----------------------------
-- Records of sys_box
-- ----------------------------
BEGIN;
INSERT INTO `sys_box` (`id`, `box_address`, `box_id`, `station`, `area`, `system_url`, `first_url`, `second_url`, `third_url`, `fourth_url`, `size`, `deleted`) VALUES (1, 'Õ«ēĶŻģÕ£░ńé╣1', 'BOX-AUTO-001', 'ń¦”ńÜćÕ▓øµł┐Õ╗║ĶĮ”ķŚ┤', 'ń¦”õĖ£ń╗╝ÕÉłń╗┤õ┐«ÕĘźÕī║', '/files/828da19017504641824a4256ef7518b2.jpg', '', '', '/files/f9fe6e2a417649bfb77a24471d361090.webp', '', 'AUTO-SIZE', 0);
INSERT INTO `sys_box` (`id`, `box_address`, `box_id`, `station`, `area`, `system_url`, `first_url`, `second_url`, `third_url`, `fourth_url`, `size`, `deleted`) VALUES (2, 'Õ«ēĶŻģÕ£░ńé╣1', 'new-box', 'ĶĮ”ķŚ┤1', 'ÕĘźÕī║A', NULL, NULL, NULL, NULL, NULL, 'NSX-250A', 0);
INSERT INTO `sys_box` (`id`, `box_address`, `box_id`, `station`, `area`, `system_url`, `first_url`, `second_url`, `third_url`, `fourth_url`, `size`, `deleted`) VALUES (3, 'Õ«ēĶŻģÕ£░ńé╣1', '10086', 'ĶĮ”ķŚ┤1', 'ÕĘźÕī║A', NULL, NULL, NULL, NULL, NULL, 'Schneider-Easy9', 0);
INSERT INTO `sys_box` (`id`, `box_address`, `box_id`, `station`, `area`, `system_url`, `first_url`, `second_url`, `third_url`, `fourth_url`, `size`, `deleted`) VALUES (4, 'õ║īµź╝', '7785', 'ń¦”ńÜćÕ▓øµł┐Õ╗║ĶĮ”ķŚ┤', 'Ķź┐Õ╝ĀÕ║äń╗╝ÕÉłń╗┤õ┐«ÕĘźÕī║', NULL, NULL, NULL, NULL, NULL, NULL, 0);
INSERT INTO `sys_box` (`id`, `box_address`, `box_id`, `station`, `area`, `system_url`, `first_url`, `second_url`, `third_url`, `fourth_url`, `size`, `deleted`) VALUES (5, 'ĶüöĶ░āA-1771136632', 'TA-1771136632-1', 'µĄŗĶ»ĢĶĮ”ķŚ┤', 'µĄŗĶ»ĢÕĘźÕī║', NULL, NULL, NULL, NULL, NULL, 'SZ-1', 1);
INSERT INTO `sys_box` (`id`, `box_address`, `box_id`, `station`, `area`, `system_url`, `first_url`, `second_url`, `third_url`, `fourth_url`, `size`, `deleted`) VALUES (6, 'ĶüöĶ░āB-1771136632', 'TA-1771136632-2', 'µĄŗĶ»ĢĶĮ”ķŚ┤', 'µĄŗĶ»ĢÕĘźÕī║', NULL, NULL, NULL, NULL, NULL, 'SZ-2', 0);
INSERT INTO `sys_box` (`id`, `box_address`, `box_id`, `station`, `area`, `system_url`, `first_url`, `second_url`, `third_url`, `fourth_url`, `size`, `deleted`) VALUES (7, 'ĶüöĶ░āA-1771136820', 'TA-1771136820-1', 'µĄŗĶ»ĢĶĮ”ķŚ┤', 'µĄŗĶ»ĢÕĘźÕī║', NULL, NULL, NULL, NULL, NULL, 'SZ-1', 1);
INSERT INTO `sys_box` (`id`, `box_address`, `box_id`, `station`, `area`, `system_url`, `first_url`, `second_url`, `third_url`, `fourth_url`, `size`, `deleted`) VALUES (8, 'ĶüöĶ░āB-1771136820', 'TA-1771136820-2', 'µĄŗĶ»ĢĶĮ”ķŚ┤', 'µĄŗĶ»ĢÕĘźÕī║', NULL, NULL, NULL, NULL, NULL, 'SZ-2', 0);
COMMIT;

-- ----------------------------
-- Table structure for sys_components
-- ----------------------------
DROP TABLE IF EXISTS `sys_components`;
CREATE TABLE `sys_components` (
  `id` int NOT NULL AUTO_INCREMENT,
  `components_name` varchar(255) COLLATE utf8mb4_general_ci DEFAULT NULL,
  `components_unit` varchar(50) COLLATE utf8mb4_general_ci DEFAULT NULL,
  `components_quantity` varchar(50) COLLATE utf8mb4_general_ci DEFAULT NULL,
  `components_type` varchar(100) COLLATE utf8mb4_general_ci DEFAULT NULL,
  `components_state` varchar(100) COLLATE utf8mb4_general_ci DEFAULT NULL,
  `box_id` varchar(100) COLLATE utf8mb4_general_ci DEFAULT NULL,
  `control_scope` varchar(255) COLLATE utf8mb4_general_ci DEFAULT NULL,
  `in_specifications` varchar(255) COLLATE utf8mb4_general_ci DEFAULT NULL,
  `out_specifications` varchar(255) COLLATE utf8mb4_general_ci DEFAULT NULL,
  PRIMARY KEY (`id`)
) ENGINE=InnoDB AUTO_INCREMENT=7 DEFAULT CHARSET=utf8mb4 COLLATE=utf8mb4_general_ci;

-- ----------------------------
-- Records of sys_components
-- ----------------------------
BEGIN;
INSERT INTO `sys_components` (`id`, `components_name`, `components_unit`, `components_quantity`, `components_type`, `components_state`, `box_id`, `control_scope`, `in_specifications`, `out_specifications`) VALUES (1, 'ńåöµ¢ŁÕÖ©', 'õĖ¬', '2', 'TEST-Model', 'µŁŻÕĖĖ', '1', 'Õø×ĶĘ»A', '10mm┬▓', '6mm┬▓');
INSERT INTO `sys_components` (`id`, `components_name`, `components_unit`, `components_quantity`, `components_type`, `components_state`, `box_id`, `control_scope`, `in_specifications`, `out_specifications`) VALUES (4, 'µĄŗĶ»Ģµ¢░Õó×ÕģāÕÖ©õ╗Č', 'õĖ¬', '1', 'TEST', 'µŁŻÕĖĖ', '8', NULL, NULL, NULL);
INSERT INTO `sys_components` (`id`, `components_name`, `components_unit`, `components_quantity`, `components_type`, `components_state`, `box_id`, `control_scope`, `in_specifications`, `out_specifications`) VALUES (5, '1', '11', NULL, NULL, NULL, '1', NULL, NULL, NULL);
INSERT INTO `sys_components` (`id`, `components_name`, `components_unit`, `components_quantity`, `components_type`, `components_state`, `box_id`, `control_scope`, `in_specifications`, `out_specifications`) VALUES (6, 'µ¢░Õó×ÕģāÕÖ©õ╗Č', NULL, NULL, NULL, NULL, '1', NULL, NULL, NULL);
COMMIT;

-- ----------------------------
-- Table structure for sys_department
-- ----------------------------
DROP TABLE IF EXISTS `sys_department`;
CREATE TABLE `sys_department` (
  `id` int NOT NULL AUTO_INCREMENT,
  `department` varchar(100) COLLATE utf8mb4_general_ci DEFAULT NULL,
  `address` varchar(255) COLLATE utf8mb4_general_ci DEFAULT NULL,
  PRIMARY KEY (`id`)
) ENGINE=InnoDB DEFAULT CHARSET=utf8mb4 COLLATE=utf8mb4_general_ci;

-- ----------------------------
-- Records of sys_department
-- ----------------------------
BEGIN;
COMMIT;

-- ----------------------------
-- Table structure for sys_detect
-- ----------------------------
DROP TABLE IF EXISTS `sys_detect`;
CREATE TABLE `sys_detect` (
  `pid` int NOT NULL,
  `number_state` varchar(50) COLLATE utf8mb4_general_ci DEFAULT NULL,
  `number_remark` varchar(255) COLLATE utf8mb4_general_ci DEFAULT NULL,
  `electronic_state` varchar(50) COLLATE utf8mb4_general_ci DEFAULT NULL,
  `electronic_remark` varchar(255) COLLATE utf8mb4_general_ci DEFAULT NULL,
  `appearance_state` varchar(50) COLLATE utf8mb4_general_ci DEFAULT NULL,
  `appearance_remark` varchar(255) COLLATE utf8mb4_general_ci DEFAULT NULL,
  `robustness_state` varchar(50) COLLATE utf8mb4_general_ci DEFAULT NULL,
  `robustness_remark` varchar(255) COLLATE utf8mb4_general_ci DEFAULT NULL,
  `lock_state` varchar(50) COLLATE utf8mb4_general_ci DEFAULT NULL,
  `lock_remark` varchar(255) COLLATE utf8mb4_general_ci DEFAULT NULL,
  `cable_state` varchar(50) COLLATE utf8mb4_general_ci DEFAULT NULL,
  `cable_remark` varchar(255) COLLATE utf8mb4_general_ci DEFAULT NULL,
  `system_state` varchar(50) COLLATE utf8mb4_general_ci DEFAULT NULL,
  `system_remark` varchar(255) COLLATE utf8mb4_general_ci DEFAULT NULL,
  `components_state` varchar(50) COLLATE utf8mb4_general_ci DEFAULT NULL,
  `components_remark` varchar(255) COLLATE utf8mb4_general_ci DEFAULT NULL,
  `wiring_state` varchar(50) COLLATE utf8mb4_general_ci DEFAULT NULL,
  `wiring_remark` varchar(255) COLLATE utf8mb4_general_ci DEFAULT NULL,
  `loose_state` varchar(50) COLLATE utf8mb4_general_ci DEFAULT NULL,
  `loose_remark` varchar(255) COLLATE utf8mb4_general_ci DEFAULT NULL,
  `temperature_state` varchar(50) COLLATE utf8mb4_general_ci DEFAULT NULL,
  `temperature_remark` varchar(255) COLLATE utf8mb4_general_ci DEFAULT NULL,
  `lightning_state` varchar(50) COLLATE utf8mb4_general_ci DEFAULT NULL,
  `lightning_remark` varchar(255) COLLATE utf8mb4_general_ci DEFAULT NULL,
  `jumper_state` varchar(50) COLLATE utf8mb4_general_ci DEFAULT NULL,
  `jumper_remark` varchar(255) COLLATE utf8mb4_general_ci DEFAULT NULL,
  `inout_state` varchar(50) COLLATE utf8mb4_general_ci DEFAULT NULL,
  `inout_remark` varchar(255) COLLATE utf8mb4_general_ci DEFAULT NULL,
  `zero_state` varchar(50) COLLATE utf8mb4_general_ci DEFAULT NULL,
  `zero_remark` varchar(255) COLLATE utf8mb4_general_ci DEFAULT NULL,
  `ground_state` varchar(50) COLLATE utf8mb4_general_ci DEFAULT NULL,
  `ground_remark` varchar(255) COLLATE utf8mb4_general_ci DEFAULT NULL,
  `barrier_state` varchar(50) COLLATE utf8mb4_general_ci DEFAULT NULL,
  `barrier_remark` varchar(255) COLLATE utf8mb4_general_ci DEFAULT NULL,
  `cleaning_state` varchar(50) COLLATE utf8mb4_general_ci DEFAULT NULL,
  `cleaning_remark` varchar(255) COLLATE utf8mb4_general_ci DEFAULT NULL,
  `screws_state` varchar(50) COLLATE utf8mb4_general_ci DEFAULT NULL,
  `screws_remark` varchar(255) COLLATE utf8mb4_general_ci DEFAULT NULL,
  `first_other_state` varchar(50) COLLATE utf8mb4_general_ci DEFAULT NULL,
  `first_other_remark` varchar(255) COLLATE utf8mb4_general_ci DEFAULT NULL,
  `working_state` varchar(50) COLLATE utf8mb4_general_ci DEFAULT NULL,
  `working_remark` varchar(255) COLLATE utf8mb4_general_ci DEFAULT NULL,
  `cracking_state` varchar(50) COLLATE utf8mb4_general_ci DEFAULT NULL,
  `cracking_remark` varchar(255) COLLATE utf8mb4_general_ci DEFAULT NULL,
  `workingtemperature_state` varchar(50) COLLATE utf8mb4_general_ci DEFAULT NULL,
  `workingtemperature_remark` varchar(255) COLLATE utf8mb4_general_ci DEFAULT NULL,
  `insulation_state` varchar(50) COLLATE utf8mb4_general_ci DEFAULT NULL,
  `insulation_remark` varchar(255) COLLATE utf8mb4_general_ci DEFAULT NULL,
  `discoloration_state` varchar(50) COLLATE utf8mb4_general_ci DEFAULT NULL,
  `discoloration_remark` varchar(255) COLLATE utf8mb4_general_ci DEFAULT NULL,
  `order_state` varchar(50) COLLATE utf8mb4_general_ci DEFAULT NULL,
  `order_remark` varchar(255) COLLATE utf8mb4_general_ci DEFAULT NULL,
  `bridge_state` varchar(50) COLLATE utf8mb4_general_ci DEFAULT NULL,
  `bridge_remark` varchar(255) COLLATE utf8mb4_general_ci DEFAULT NULL,
  `bridgeconnect_state` varchar(50) COLLATE utf8mb4_general_ci DEFAULT NULL,
  `bridgeconnect_remark` varchar(255) COLLATE utf8mb4_general_ci DEFAULT NULL,
  `bridgelid_state` varchar(50) COLLATE utf8mb4_general_ci DEFAULT NULL,
  `bridgelid_remark` varchar(255) COLLATE utf8mb4_general_ci DEFAULT NULL,
  `third_state` varchar(50) COLLATE utf8mb4_general_ci DEFAULT NULL,
  `third_remark` varchar(255) COLLATE utf8mb4_general_ci DEFAULT NULL,
  PRIMARY KEY (`pid`)
) ENGINE=InnoDB DEFAULT CHARSET=utf8mb4 COLLATE=utf8mb4_general_ci;

-- ----------------------------
-- Records of sys_detect
-- ----------------------------
BEGIN;
INSERT INTO `sys_detect` (`pid`, `number_state`, `number_remark`, `electronic_state`, `electronic_remark`, `appearance_state`, `appearance_remark`, `robustness_state`, `robustness_remark`, `lock_state`, `lock_remark`, `cable_state`, `cable_remark`, `system_state`, `system_remark`, `components_state`, `components_remark`, `wiring_state`, `wiring_remark`, `loose_state`, `loose_remark`, `temperature_state`, `temperature_remark`, `lightning_state`, `lightning_remark`, `jumper_state`, `jumper_remark`, `inout_state`, `inout_remark`, `zero_state`, `zero_remark`, `ground_state`, `ground_remark`, `barrier_state`, `barrier_remark`, `cleaning_state`, `cleaning_remark`, `screws_state`, `screws_remark`, `first_other_state`, `first_other_remark`, `working_state`, `working_remark`, `cracking_state`, `cracking_remark`, `workingtemperature_state`, `workingtemperature_remark`, `insulation_state`, `insulation_remark`, `discoloration_state`, `discoloration_remark`, `order_state`, `order_remark`, `bridge_state`, `bridge_remark`, `bridgeconnect_state`, `bridgeconnect_remark`, `bridgelid_state`, `bridgelid_remark`, `third_state`, `third_remark`) VALUES (10086, 'µŁŻÕĖĖ', NULL, NULL, NULL, 'µŁŻÕĖĖ', NULL, NULL, NULL, NULL, NULL, NULL, NULL, NULL, NULL, NULL, NULL, NULL, NULL, NULL, NULL, 'µŁŻÕĖĖ', NULL, NULL, NULL, NULL, NULL, NULL, NULL, NULL, NULL, NULL, NULL, NULL, NULL, NULL, NULL, NULL, NULL, NULL, NULL, NULL, NULL, NULL, NULL, NULL, NULL, NULL, NULL, NULL, NULL, NULL, NULL, NULL, NULL, NULL, NULL, NULL, NULL, NULL, NULL);
COMMIT;

-- ----------------------------
-- Table structure for sys_dict
-- ----------------------------
DROP TABLE IF EXISTS `sys_dict`;
CREATE TABLE `sys_dict` (
  `id` int NOT NULL AUTO_INCREMENT,
  `name` varchar(255) NOT NULL COMMENT 'µśŠńż║ÕÉŹń¦░',
  `value` varchar(255) NOT NULL COMMENT 'ÕĆ╝',
  `type` varchar(50) NOT NULL COMMENT 'ÕŁŚÕģĖń▒╗Õ×ŗ',
  `sort` int DEFAULT '0' COMMENT 'µÄÆÕ║Å',
  `create_time` datetime DEFAULT CURRENT_TIMESTAMP,
  PRIMARY KEY (`id`),
  KEY `idx_type` (`type`)
) ENGINE=InnoDB AUTO_INCREMENT=7 DEFAULT CHARSET=utf8mb4 COLLATE=utf8mb4_0900_ai_ci COMMENT='ÕŁŚÕģĖķģŹńĮ«ĶĪ©';

-- ----------------------------
-- Records of sys_dict
-- ----------------------------
BEGIN;
INSERT INTO `sys_dict` (`id`, `name`, `value`, `type`, `sort`, `create_time`) VALUES (1, 'ÕĘźÕī║A', 'ÕĘźÕī║A', 'area', 1, '2026-02-10 17:44:42');
INSERT INTO `sys_dict` (`id`, `name`, `value`, `type`, `sort`, `create_time`) VALUES (2, 'ÕĘźÕī║B', 'ÕĘźÕī║B', 'area', 2, '2026-02-10 17:44:42');
INSERT INTO `sys_dict` (`id`, `name`, `value`, `type`, `sort`, `create_time`) VALUES (3, 'Õ«ēĶŻģÕ£░ńé╣1', 'Õ«ēĶŻģÕ£░ńé╣1', 'address', 1, '2026-02-10 17:44:42');
INSERT INTO `sys_dict` (`id`, `name`, `value`, `type`, `sort`, `create_time`) VALUES (4, 'Õ«ēĶŻģÕ£░ńé╣2', 'Õ«ēĶŻģÕ£░ńé╣2', 'address', 2, '2026-02-10 17:44:42');
INSERT INTO `sys_dict` (`id`, `name`, `value`, `type`, `sort`, `create_time`) VALUES (5, 'ĶĮ”ķŚ┤1', 'ĶĮ”ķŚ┤1', 'station', 1, '2026-02-10 17:44:42');
INSERT INTO `sys_dict` (`id`, `name`, `value`, `type`, `sort`, `create_time`) VALUES (6, 'ĶĮ”ķŚ┤2', 'ĶĮ”ķŚ┤2', 'station', 2, '2026-02-10 17:44:42');
COMMIT;

-- ----------------------------
-- Table structure for sys_files
-- ----------------------------
DROP TABLE IF EXISTS `sys_files`;
CREATE TABLE `sys_files` (
  `id` int NOT NULL AUTO_INCREMENT,
  `name` varchar(255) COLLATE utf8mb4_general_ci DEFAULT NULL,
  `type` varchar(50) COLLATE utf8mb4_general_ci DEFAULT NULL,
  `size` bigint DEFAULT NULL,
  `url` varchar(500) COLLATE utf8mb4_general_ci DEFAULT NULL,
  `is_delete` tinyint(1) DEFAULT NULL,
  `enable` tinyint(1) DEFAULT NULL,
  `md5` varchar(64) COLLATE utf8mb4_general_ci DEFAULT NULL,
  `uuid` varchar(64) COLLATE utf8mb4_general_ci DEFAULT NULL,
  PRIMARY KEY (`id`)
) ENGINE=InnoDB AUTO_INCREMENT=18 DEFAULT CHARSET=utf8mb4 COLLATE=utf8mb4_general_ci;

-- ----------------------------
-- Records of sys_files
-- ----------------------------
BEGIN;
INSERT INTO `sys_files` (`id`, `name`, `type`, `size`, `url`, `is_delete`, `enable`, `md5`, `uuid`) VALUES (1, 'images-1.jpg', 'jpg', 49084, '/files/828da19017504641824a4256ef7518b2.jpg', NULL, NULL, 'a2eb43676a096b382b7a58cfab735142', '828da19017504641824a4256ef7518b2.jpg');
INSERT INTO `sys_files` (`id`, `name`, `type`, `size`, `url`, `is_delete`, `enable`, `md5`, `uuid`) VALUES (2, 'images.webp', 'webp', 22250, '/files/f9fe6e2a417649bfb77a24471d361090.webp', NULL, NULL, 'cd5e3f45e62f7f92feff7d2f01ec6484', 'f9fe6e2a417649bfb77a24471d361090.webp');
INSERT INTO `sys_files` (`id`, `name`, `type`, `size`, `url`, `is_delete`, `enable`, `md5`, `uuid`) VALUES (3, 'images-1.jpg', 'jpg', 49084, '/files/828da19017504641824a4256ef7518b2.jpg', NULL, NULL, 'a2eb43676a096b382b7a58cfab735142', '828da19017504641824a4256ef7518b2.jpg');
INSERT INTO `sys_files` (`id`, `name`, `type`, `size`, `url`, `is_delete`, `enable`, `md5`, `uuid`) VALUES (4, 'images.webp', 'webp', 22250, '/files/f9fe6e2a417649bfb77a24471d361090.webp', NULL, NULL, 'cd5e3f45e62f7f92feff7d2f01ec6484', 'f9fe6e2a417649bfb77a24471d361090.webp');
INSERT INTO `sys_files` (`id`, `name`, `type`, `size`, `url`, `is_delete`, `enable`, `md5`, `uuid`) VALUES (5, 'images-1.jpg', 'jpg', 49084, '/files/828da19017504641824a4256ef7518b2.jpg', NULL, NULL, 'a2eb43676a096b382b7a58cfab735142', '828da19017504641824a4256ef7518b2.jpg');
INSERT INTO `sys_files` (`id`, `name`, `type`, `size`, `url`, `is_delete`, `enable`, `md5`, `uuid`) VALUES (6, 'images-1.jpg', 'jpg', 49084, '/files/828da19017504641824a4256ef7518b2.jpg', NULL, NULL, 'a2eb43676a096b382b7a58cfab735142', '828da19017504641824a4256ef7518b2.jpg');
INSERT INTO `sys_files` (`id`, `name`, `type`, `size`, `url`, `is_delete`, `enable`, `md5`, `uuid`) VALUES (7, 'images.webp', 'webp', 22250, '/files/f9fe6e2a417649bfb77a24471d361090.webp', NULL, NULL, 'cd5e3f45e62f7f92feff7d2f01ec6484', 'f9fe6e2a417649bfb77a24471d361090.webp');
INSERT INTO `sys_files` (`id`, `name`, `type`, `size`, `url`, `is_delete`, `enable`, `md5`, `uuid`) VALUES (8, '828da19017504641824a4256ef7518b2.jpg', 'jpg', 49084, '/files/828da19017504641824a4256ef7518b2.jpg', NULL, NULL, 'a2eb43676a096b382b7a58cfab735142', '828da19017504641824a4256ef7518b2.jpg');
INSERT INTO `sys_files` (`id`, `name`, `type`, `size`, `url`, `is_delete`, `enable`, `md5`, `uuid`) VALUES (9, '828da19017504641824a4256ef7518b2.jpg', 'jpg', 49084, '/files/828da19017504641824a4256ef7518b2.jpg', NULL, NULL, 'a2eb43676a096b382b7a58cfab735142', '828da19017504641824a4256ef7518b2.jpg');
INSERT INTO `sys_files` (`id`, `name`, `type`, `size`, `url`, `is_delete`, `enable`, `md5`, `uuid`) VALUES (10, '828da19017504641824a4256ef7518b2.jpg', 'jpg', 49084, '/files/828da19017504641824a4256ef7518b2.jpg', NULL, NULL, 'a2eb43676a096b382b7a58cfab735142', '828da19017504641824a4256ef7518b2.jpg');
INSERT INTO `sys_files` (`id`, `name`, `type`, `size`, `url`, `is_delete`, `enable`, `md5`, `uuid`) VALUES (11, 'images-1.jpg', 'jpg', 49084, '/files/828da19017504641824a4256ef7518b2.jpg', NULL, NULL, 'a2eb43676a096b382b7a58cfab735142', '828da19017504641824a4256ef7518b2.jpg');
INSERT INTO `sys_files` (`id`, `name`, `type`, `size`, `url`, `is_delete`, `enable`, `md5`, `uuid`) VALUES (12, '459bd4fb5c9e1f352acd12c9c2b1ba31.jpg', 'jpg', 39745, '/files/29c1877728dc4e1f87b49c77b39d39ee.jpg', NULL, NULL, '503a3c64bd645a9dd053353fdb9374df', '29c1877728dc4e1f87b49c77b39d39ee.jpg');
INSERT INTO `sys_files` (`id`, `name`, `type`, `size`, `url`, `is_delete`, `enable`, `md5`, `uuid`) VALUES (13, '628aeb1f924fcc5c64ba48851340af76.jpg', 'jpg', 48964, '/files/109336b28c144019baec1d420dfa05d7.jpg', NULL, NULL, '94c1bb20add9f403c4e06a711084c0b7', '109336b28c144019baec1d420dfa05d7.jpg');
INSERT INTO `sys_files` (`id`, `name`, `type`, `size`, `url`, `is_delete`, `enable`, `md5`, `uuid`) VALUES (14, '7b876e7ae7dbdd1005b4a3dbb9b4d3ec.jpg', 'jpg', 44740, '/files/13ce4b720e3d420a833519db0f74164e.jpg', NULL, NULL, 'ab9a195454685c968000a8e9cc04593a', '13ce4b720e3d420a833519db0f74164e.jpg');
INSERT INTO `sys_files` (`id`, `name`, `type`, `size`, `url`, `is_delete`, `enable`, `md5`, `uuid`) VALUES (15, '68adb4386ae2481d7657af1fe8b4131b.jpg', 'jpg', 57714, '/files/2cf19bee09934b3386a6a735e7ff9f5d.jpg', NULL, NULL, '35a4a5681d3061e5905243832a0540a7', '2cf19bee09934b3386a6a735e7ff9f5d.jpg');
INSERT INTO `sys_files` (`id`, `name`, `type`, `size`, `url`, `is_delete`, `enable`, `md5`, `uuid`) VALUES (16, '68adb4386ae2481d7657af1fe8b4131b.jpg', 'jpg', 57714, '/files/2cf19bee09934b3386a6a735e7ff9f5d.jpg', NULL, NULL, '35a4a5681d3061e5905243832a0540a7', '2cf19bee09934b3386a6a735e7ff9f5d.jpg');
INSERT INTO `sys_files` (`id`, `name`, `type`, `size`, `url`, `is_delete`, `enable`, `md5`, `uuid`) VALUES (17, 'f5b7a82fa10ed42453f5d3896707eac7.jpg', 'jpg', 50771, '/files/c29904dc5f4347449287d686b39b6b8c.jpg', NULL, NULL, '74494e177c30e24a30d5252b51d7e264', 'c29904dc5f4347449287d686b39b6b8c.jpg');
COMMIT;

-- ----------------------------
-- Table structure for sys_home
-- ----------------------------
DROP TABLE IF EXISTS `sys_home`;
CREATE TABLE `sys_home` (
  `id` int NOT NULL AUTO_INCREMENT,
  `station` varchar(100) COLLATE utf8mb4_general_ci DEFAULT NULL,
  `address` varchar(255) COLLATE utf8mb4_general_ci DEFAULT NULL,
  `remark` varchar(255) COLLATE utf8mb4_general_ci DEFAULT NULL,
  `user` varchar(100) COLLATE utf8mb4_general_ci DEFAULT NULL,
  `area` varchar(100) COLLATE utf8mb4_general_ci DEFAULT NULL,
  `box_id` varchar(100) COLLATE utf8mb4_general_ci DEFAULT NULL,
  `size` varchar(100) COLLATE utf8mb4_general_ci DEFAULT NULL,
  PRIMARY KEY (`id`)
) ENGINE=InnoDB DEFAULT CHARSET=utf8mb4 COLLATE=utf8mb4_general_ci;

-- ----------------------------
-- Records of sys_home
-- ----------------------------
BEGIN;
COMMIT;

-- ----------------------------
-- Table structure for sys_location
-- ----------------------------
DROP TABLE IF EXISTS `sys_location`;
CREATE TABLE `sys_location` (
  `id` int NOT NULL AUTO_INCREMENT,
  `parent_id` int NOT NULL DEFAULT '0',
  `name` varchar(255) COLLATE utf8mb4_general_ci NOT NULL,
  `level` tinyint NOT NULL COMMENT '1=├©┬Į┬”├®ŌĆö┬┤,2=├ź┬Ę┬ź├ź┼Æ┬║,3=├ź┬«ŌĆ░├©┬ŻŌĆ”├ź┼ō┬░├¦ŌĆÜ┬╣',
  `sort_num` int NOT NULL DEFAULT '0',
  PRIMARY KEY (`id`),
  UNIQUE KEY `uq_level_parent_name` (`level`,`parent_id`,`name`),
  KEY `idx_parent_id` (`parent_id`)
) ENGINE=InnoDB AUTO_INCREMENT=45 DEFAULT CHARSET=utf8mb4 COLLATE=utf8mb4_general_ci;

-- ----------------------------
-- Records of sys_location
-- ----------------------------
BEGIN;
INSERT INTO `sys_location` (`id`, `parent_id`, `name`, `level`, `sort_num`) VALUES (1, 0, 'ń¦”ńÜćÕ▓øµł┐Õ╗║ĶĮ”ķŚ┤', 1, 10);
INSERT INTO `sys_location` (`id`, `parent_id`, `name`, `level`, `sort_num`) VALUES (2, 0, 'ĶīČÕØ×µł┐Õ╗║ĶĮ”ķŚ┤', 1, 20);
INSERT INTO `sys_location` (`id`, `parent_id`, `name`, `level`, `sort_num`) VALUES (3, 0, 'µ╣¢õĖ£µł┐Õ╗║ĶĮ”ķŚ┤', 1, 30);
INSERT INTO `sys_location` (`id`, `parent_id`, `name`, `level`, `sort_num`) VALUES (4, 0, 'Õż¦ÕÉīõĖ£µł┐Õ╗║ĶĮ”ķŚ┤', 1, 40);
INSERT INTO `sys_location` (`id`, `parent_id`, `name`, `level`, `sort_num`) VALUES (5, 0, 'Õż¦ÕÉīĶź┐µł┐Õ╗║ĶĮ”ķŚ┤', 1, 50);
INSERT INTO `sys_location` (`id`, `parent_id`, `name`, `level`, `sort_num`) VALUES (6, 0, 'Õż¦ÕÉīÕŹŚµł┐Õ╗║ĶĮ”ķŚ┤', 1, 60);
INSERT INTO `sys_location` (`id`, `parent_id`, `name`, `level`, `sort_num`) VALUES (7, 0, 'µ£öÕĘ×µł┐Õ╗║ĶĮ”ķŚ┤', 1, 70);
INSERT INTO `sys_location` (`id`, `parent_id`, `name`, `level`, `sort_num`) VALUES (8, 0, 'ÕÄ¤Õ╣│µł┐Õ╗║ĶĮ”ķŚ┤', 1, 80);
INSERT INTO `sys_location` (`id`, `parent_id`, `name`, `level`, `sort_num`) VALUES (9, 0, 'Õż¬ÕÄ¤ÕīŚµł┐Õ╗║ĶĮ”ķŚ┤', 1, 90);
INSERT INTO `sys_location` (`id`, `parent_id`, `name`, `level`, `sort_num`) VALUES (10, 1, 'Ķź┐Õ╝ĀÕ║äń╗╝ÕÉłń╗┤õ┐«ÕĘźÕī║', 2, 10);
INSERT INTO `sys_location` (`id`, `parent_id`, `name`, `level`, `sort_num`) VALUES (11, 1, 'ń¦”õĖ£ń╗╝ÕÉłń╗┤õ┐«ÕĘźÕī║', 2, 20);
INSERT INTO `sys_location` (`id`, `parent_id`, `name`, `level`, `sort_num`) VALUES (12, 1, 'µ¤│µØæń╗╝ÕÉłń╗┤õ┐«ÕĘźÕī║', 2, 30);
INSERT INTO `sys_location` (`id`, `parent_id`, `name`, `level`, `sort_num`) VALUES (13, 1, 'Ķ┐üÕ«ēń╗╝ÕÉłń╗┤õ┐«ÕĘźÕī║', 2, 40);
INSERT INTO `sys_location` (`id`, `parent_id`, `name`, `level`, `sort_num`) VALUES (14, 1, 'ķüĄÕī¢ń╗╝ÕÉłń╗┤õ┐«ÕĘźÕī║', 2, 50);
INSERT INTO `sys_location` (`id`, `parent_id`, `name`, `level`, `sort_num`) VALUES (15, 2, 'ĶīČÕØ×ń╗╝ÕÉłń╗┤õ┐«ÕĘźÕī║', 2, 10);
INSERT INTO `sys_location` (`id`, `parent_id`, `name`, `level`, `sort_num`) VALUES (16, 2, 'Ķō¤ÕÄ┐Ķź┐ń╗╝ÕÉłń╗┤õ┐«ÕĘźÕī║', 2, 20);
INSERT INTO `sys_location` (`id`, `parent_id`, `name`, `level`, `sort_num`) VALUES (17, 3, 'µ╣¢õĖ£õŠøńāŁń╗┤õ┐«ÕĘźÕī║', 2, 10);
INSERT INTO `sys_location` (`id`, `parent_id`, `name`, `level`, `sort_num`) VALUES (18, 3, 'µ╣¢õĖ£µł┐Õ╗║ń╗┤õ┐«ÕĘźÕī║', 2, 20);
INSERT INTO `sys_location` (`id`, `parent_id`, `name`, `level`, `sort_num`) VALUES (19, 3, 'ķĆÉķ╣┐ń╗╝ÕÉłń╗┤õ┐«ÕĘźÕī║', 2, 30);
INSERT INTO `sys_location` (`id`, `parent_id`, `name`, `level`, `sort_num`) VALUES (20, 4, 'µ¢░ÕŹÄÕÉÄĶĪŚµł┐Õ╗║ń╗┤õ┐«ÕĘźÕī║', 2, 10);
INSERT INTO `sys_location` (`id`, `parent_id`, `name`, `level`, `sort_num`) VALUES (21, 4, 'ń½ÖÕīŚĶĪŚõŠøńāŁń╗┤õ┐«ÕĘźÕī║', 2, 20);
INSERT INTO `sys_location` (`id`, `parent_id`, `name`, `level`, `sort_num`) VALUES (22, 4, 'ÕÉīõĖ░ńöĄµ░öń╗┤õ┐«ÕĘźÕī║', 2, 30);
INSERT INTO `sys_location` (`id`, `parent_id`, `name`, `level`, `sort_num`) VALUES (23, 4, 'ÕŹ¦ĶÖÄµ╣Šµł┐Õ╗║ń╗┤õ┐«ÕĘźÕī║', 2, 40);
INSERT INTO `sys_location` (`id`, `parent_id`, `name`, `level`, `sort_num`) VALUES (24, 4, 'µ¤┤µ▓¤ÕĀĪń╗╝ÕÉłń╗┤õ┐«ÕĘźÕī║', 2, 50);
INSERT INTO `sys_location` (`id`, `parent_id`, `name`, `level`, `sort_num`) VALUES (25, 5, 'ÕÅŻµ│ēń╗╝ÕÉłń╗┤õ┐«ÕĘźÕī║', 2, 10);
INSERT INTO `sys_location` (`id`, `parent_id`, `name`, `level`, `sort_num`) VALUES (26, 5, 'Õż¦ÕÉīĶź┐µł┐Õ╗║ń╗┤õ┐«ÕĘźÕī║', 2, 20);
INSERT INTO `sys_location` (`id`, `parent_id`, `name`, `level`, `sort_num`) VALUES (27, 5, 'Õż¦ÕÉīĶź┐µł┐Õ╗║ÕĘĪµŻĆÕĘźÕī║', 2, 30);
INSERT INTO `sys_location` (`id`, `parent_id`, `name`, `level`, `sort_num`) VALUES (28, 5, 'Ķź┐ń║┐õŠøńāŁń╗┤õ┐«ÕĘźÕī║', 2, 40);
INSERT INTO `sys_location` (`id`, `parent_id`, `name`, `level`, `sort_num`) VALUES (29, 5, 'µŗźÕåøĶĘ»õŠøńāŁń╗┤õ┐«ÕĘźÕī║', 2, 50);
INSERT INTO `sys_location` (`id`, `parent_id`, `name`, `level`, `sort_num`) VALUES (30, 5, 'µĪźĶź┐õŠøńāŁń╗┤õ┐«ÕĘźÕī║', 2, 60);
INSERT INTO `sys_location` (`id`, `parent_id`, `name`, `level`, `sort_num`) VALUES (31, 6, 'Õż¦ÕÉīÕŹŚķ½śķōüń╗╝ÕÉłń╗┤õ┐«ÕĘźÕī║', 2, 10);
INSERT INTO `sys_location` (`id`, `parent_id`, `name`, `level`, `sort_num`) VALUES (32, 6, 'ķś│ķ½śÕŹŚķ½śķōüń╗╝ÕÉłń╗┤õ┐«ÕĘźÕī║', 2, 20);
INSERT INTO `sys_location` (`id`, `parent_id`, `name`, `level`, `sort_num`) VALUES (33, 6, 'Õ║öÕÄ┐ń╗╝ÕÉłń╗┤õ┐«ÕĘźÕī║', 2, 30);
INSERT INTO `sys_location` (`id`, `parent_id`, `name`, `level`, `sort_num`) VALUES (34, 6, 'Õż¦ÕÉīÕŹŚń╗╝ÕÉłÕĘźÕī║', 2, 40);
INSERT INTO `sys_location` (`id`, `parent_id`, `name`, `level`, `sort_num`) VALUES (35, 6, 'Õż¦ÕÉīµł┐ń«ĪÕĘźÕī║', 2, 50);
INSERT INTO `sys_location` (`id`, `parent_id`, `name`, `level`, `sort_num`) VALUES (36, 7, 'µ£öÕĘ×µł┐Õ╗║ń╗┤õ┐«ÕĘźÕī║', 2, 10);
INSERT INTO `sys_location` (`id`, `parent_id`, `name`, `level`, `sort_num`) VALUES (37, 7, 'µ£öÕĘ×õŠøńāŁń╗┤õ┐«ÕĘźÕī║', 2, 20);
INSERT INTO `sys_location` (`id`, `parent_id`, `name`, `level`, `sort_num`) VALUES (38, 7, 'ÕüÅÕģ│ń╗╝ÕÉłń╗┤õ┐«ÕĘźÕī║', 2, 30);
INSERT INTO `sys_location` (`id`, `parent_id`, `name`, `level`, `sort_num`) VALUES (39, 8, 'Õ┐╗ÕĘ×µł┐Õ╗║ń╗┤õ┐«ÕĘźÕī║', 2, 10);
INSERT INTO `sys_location` (`id`, `parent_id`, `name`, `level`, `sort_num`) VALUES (40, 8, 'ÕÄ¤Õ╣│µł┐Õ╗║ń╗┤õ┐«ÕĘźÕī║', 2, 20);
INSERT INTO `sys_location` (`id`, `parent_id`, `name`, `level`, `sort_num`) VALUES (41, 8, 'ńüĄõĖśµł┐Õ╗║ń╗┤õ┐«ÕĘźÕī║', 2, 30);
INSERT INTO `sys_location` (`id`, `parent_id`, `name`, `level`, `sort_num`) VALUES (42, 8, 'ÕÄ¤Õ╣│õŠøńāŁń╗┤õ┐«ÕĘźÕī║', 2, 40);
INSERT INTO `sys_location` (`id`, `parent_id`, `name`, `level`, `sort_num`) VALUES (43, 8, 'Õ┐╗ÕĘ×Ķź┐ķ½śķōüń╗╝ÕÉłń╗┤õ┐«ÕĘźÕī║', 2, 50);
INSERT INTO `sys_location` (`id`, `parent_id`, `name`, `level`, `sort_num`) VALUES (44, 9, 'ĶĘ»Õ▒ĆĶź┐ķÖóń╗┤õ┐«ÕĘźÕī║', 2, 10);
COMMIT;

-- ----------------------------
-- Table structure for sys_maintenance_compare_image
-- ----------------------------
DROP TABLE IF EXISTS `sys_maintenance_compare_image`;
CREATE TABLE `sys_maintenance_compare_image` (
  `id` int NOT NULL AUTO_INCREMENT,
  `task_id` int NOT NULL,
  `disease_location` varchar(255) COLLATE utf8mb4_general_ci DEFAULT NULL,
  `before_image_url` varchar(500) COLLATE utf8mb4_general_ci DEFAULT NULL,
  `disease_note` varchar(255) COLLATE utf8mb4_general_ci DEFAULT NULL,
  `after_image_url` varchar(500) COLLATE utf8mb4_general_ci DEFAULT NULL,
  `disposal_note` varchar(255) COLLATE utf8mb4_general_ci DEFAULT NULL,
  `created_at` datetime NOT NULL DEFAULT CURRENT_TIMESTAMP,
  `updated_at` datetime NOT NULL DEFAULT CURRENT_TIMESTAMP ON UPDATE CURRENT_TIMESTAMP,
  PRIMARY KEY (`id`),
  KEY `idx_maintenance_compare_task` (`task_id`),
  CONSTRAINT `fk_maintenance_compare_task` FOREIGN KEY (`task_id`) REFERENCES `sys_maintenance_task` (`id`)
) ENGINE=InnoDB AUTO_INCREMENT=2 DEFAULT CHARSET=utf8mb4 COLLATE=utf8mb4_general_ci;

-- ----------------------------
-- Records of sys_maintenance_compare_image
-- ----------------------------
BEGIN;
INSERT INTO `sys_maintenance_compare_image` (`id`, `task_id`, `disease_location`, `before_image_url`, `disease_note`, `after_image_url`, `disposal_note`, `created_at`, `updated_at`) VALUES (1, 3, '', '/files/29c1877728dc4e1f87b49c77b39d39ee.jpg', '4ÕÅ░ķģŹńöĄµ¤£ķŚ© ĶŁ”ńż║µĀćńŁŠĶĆüµŚ¦', '/files/109336b28c144019baec1d420dfa05d7.jpg', 'Õ»╣4ÕÅ░ķģŹńöĄµ¤£µø┤µŹóń▓śĶ┤┤ĶŁ”ńż║µĀćńŁŠ', '2026-02-22 16:24:32', '2026-02-22 19:02:13');
COMMIT;

-- ----------------------------
-- Table structure for sys_maintenance_disease
-- ----------------------------
DROP TABLE IF EXISTS `sys_maintenance_disease`;
CREATE TABLE `sys_maintenance_disease` (
  `id` int NOT NULL AUTO_INCREMENT,
  `task_id` int NOT NULL,
  `seq_no` int NOT NULL,
  `disease_location` varchar(255) COLLATE utf8mb4_general_ci DEFAULT NULL,
  `disease_desc` text COLLATE utf8mb4_general_ci,
  `quantity` int DEFAULT NULL,
  `disposal_method` varchar(255) COLLATE utf8mb4_general_ci DEFAULT NULL,
  `remark` varchar(255) COLLATE utf8mb4_general_ci DEFAULT NULL,
  `created_at` datetime NOT NULL DEFAULT CURRENT_TIMESTAMP,
  `updated_at` datetime NOT NULL DEFAULT CURRENT_TIMESTAMP ON UPDATE CURRENT_TIMESTAMP,
  PRIMARY KEY (`id`),
  KEY `idx_maintenance_disease_task` (`task_id`),
  CONSTRAINT `fk_maintenance_disease_task` FOREIGN KEY (`task_id`) REFERENCES `sys_maintenance_task` (`id`)
) ENGINE=InnoDB AUTO_INCREMENT=3 DEFAULT CHARSET=utf8mb4 COLLATE=utf8mb4_general_ci;

-- ----------------------------
-- Records of sys_maintenance_disease
-- ----------------------------
BEGIN;
INSERT INTO `sys_maintenance_disease` (`id`, `task_id`, `seq_no`, `disease_location`, `disease_desc`, `quantity`, `disposal_method`, `remark`, `created_at`, `updated_at`) VALUES (1, 3, 1, 'ķģŹńöĄµ¤£Õåģ', 'ķģŹńöĄµ¤£Õåģń¦»ńü░õĖźķćŹ', 4, 'µĖģńÉåķģŹńöĄµ¤£Õåģńü░Õ░ś', 'ÕĘ▓ÕżäńÉå', '2026-02-22 16:19:40', '2026-02-22 18:58:48');
INSERT INTO `sys_maintenance_disease` (`id`, `task_id`, `seq_no`, `disease_location`, `disease_desc`, `quantity`, `disposal_method`, `remark`, `created_at`, `updated_at`) VALUES (2, 3, 2, 'ķģŹńöĄµ¤£ķŚ©', 'ķģŹńöĄµ¤£ķŚ©ĶŁ”ńż║µĀćńŁŠĶĆüµŚ¦', 4, 'µø┤µŹóķģŹńöĄµ¤£ĶŁ”ńż║µĀćńŁŠ', 'ÕĘ▓ÕżäńÉå', '2026-02-22 18:59:40', '2026-02-22 18:59:40');
COMMIT;

-- ----------------------------
-- Table structure for sys_maintenance_process_image
-- ----------------------------
DROP TABLE IF EXISTS `sys_maintenance_process_image`;
CREATE TABLE `sys_maintenance_process_image` (
  `id` int NOT NULL AUTO_INCREMENT,
  `task_id` int NOT NULL,
  `image_url` varchar(500) COLLATE utf8mb4_general_ci NOT NULL,
  `created_at` datetime NOT NULL DEFAULT CURRENT_TIMESTAMP,
  `updated_at` datetime NOT NULL DEFAULT CURRENT_TIMESTAMP ON UPDATE CURRENT_TIMESTAMP,
  PRIMARY KEY (`id`),
  KEY `idx_maintenance_process_task` (`task_id`),
  CONSTRAINT `fk_maintenance_process_task` FOREIGN KEY (`task_id`) REFERENCES `sys_maintenance_task` (`id`)
) ENGINE=InnoDB AUTO_INCREMENT=6 DEFAULT CHARSET=utf8mb4 COLLATE=utf8mb4_general_ci;

-- ----------------------------
-- Records of sys_maintenance_process_image
-- ----------------------------
BEGIN;
INSERT INTO `sys_maintenance_process_image` (`id`, `task_id`, `image_url`, `created_at`, `updated_at`) VALUES (3, 3, '/files/13ce4b720e3d420a833519db0f74164e.jpg', '2026-02-22 19:03:41', '2026-02-22 19:03:41');
INSERT INTO `sys_maintenance_process_image` (`id`, `task_id`, `image_url`, `created_at`, `updated_at`) VALUES (4, 3, '/files/2cf19bee09934b3386a6a735e7ff9f5d.jpg', '2026-02-22 19:03:51', '2026-02-22 19:03:51');
INSERT INTO `sys_maintenance_process_image` (`id`, `task_id`, `image_url`, `created_at`, `updated_at`) VALUES (5, 3, '/files/c29904dc5f4347449287d686b39b6b8c.jpg', '2026-02-22 19:03:58', '2026-02-22 19:03:58');
COMMIT;

-- ----------------------------
-- Table structure for sys_maintenance_task
-- ----------------------------
DROP TABLE IF EXISTS `sys_maintenance_task`;
CREATE TABLE `sys_maintenance_task` (
  `id` int NOT NULL AUTO_INCREMENT,
  `task_no` varchar(64) COLLATE utf8mb4_general_ci NOT NULL,
  `maintenance_type` varchar(20) COLLATE utf8mb4_general_ci DEFAULT NULL COMMENT 'MONTHLY/QUARTERLY/YEARLY',
  `maintenance_location` varchar(255) COLLATE utf8mb4_general_ci DEFAULT NULL COMMENT 'ń╗┤õ┐ØÕ£░ńé╣',
  `maintenance_content` text COLLATE utf8mb4_general_ci COMMENT 'ń╗┤õ┐ØÕĘźõĮ£ÕåģÕ«╣',
  `maintenance_summary` text COLLATE utf8mb4_general_ci COMMENT 'ń╗┤õ┐ØÕĘźõĮ£Õ░Åń╗ō',
  `inspection_user` varchar(100) COLLATE utf8mb4_general_ci DEFAULT NULL,
  `guardian_user` varchar(100) COLLATE utf8mb4_general_ci DEFAULT NULL,
  `inspection_time` datetime DEFAULT NULL,
  `remark` varchar(255) COLLATE utf8mb4_general_ci DEFAULT NULL,
  `created_at` datetime NOT NULL DEFAULT CURRENT_TIMESTAMP,
  `updated_at` datetime NOT NULL DEFAULT CURRENT_TIMESTAMP ON UPDATE CURRENT_TIMESTAMP,
  PRIMARY KEY (`id`),
  UNIQUE KEY `uk_maintenance_task_task_no` (`task_no`)
) ENGINE=InnoDB AUTO_INCREMENT=5 DEFAULT CHARSET=utf8mb4 COLLATE=utf8mb4_general_ci;

-- ----------------------------
-- Records of sys_maintenance_task
-- ----------------------------
BEGIN;
INSERT INTO `sys_maintenance_task` (`id`, `task_no`, `maintenance_type`, `maintenance_location`, `maintenance_content`, `maintenance_summary`, `inspection_user`, `guardian_user`, `inspection_time`, `remark`, `created_at`, `updated_at`) VALUES (1, 'MT00000001', NULL, NULL, NULL, NULL, 'AUTOÕĘĪµŻĆÕæś', NULL, NULL, 'AUTO_TEST', '2026-02-20 10:16:49', '2026-02-20 10:16:49');
INSERT INTO `sys_maintenance_task` (`id`, `task_no`, `maintenance_type`, `maintenance_location`, `maintenance_content`, `maintenance_summary`, `inspection_user`, `guardian_user`, `inspection_time`, `remark`, `created_at`, `updated_at`) VALUES (2, 'MT00000002', NULL, NULL, NULL, NULL, 'u1', NULL, NULL, NULL, '2026-02-20 10:16:49', '2026-02-20 10:16:49');
INSERT INTO `sys_maintenance_task` (`id`, `task_no`, `maintenance_type`, `maintenance_location`, `maintenance_content`, `maintenance_summary`, `inspection_user`, `guardian_user`, `inspection_time`, `remark`, `created_at`, `updated_at`) VALUES (3, 'MT00000003', 'MONTHLY', 'ĶĪīĶĮ”Õģ¼Õ»ōõĖēµź╝Ķź┐', 'µĀ╣µŹ«Õż¦ÕÉīµł┐Õ╗║Õģ¼Õ»ōµ«ĄķćŹńé╣Õ£║µēĆńöĄÕÖ©Ķ«ŠÕżćń╗┤µŖżõ┐ØÕģ╗ÕÉłÕÉīń║”Õ«Ü’╝īÕ»╣Õż¦ÕÉīĶĪīĶĮ”Õģ¼Õ»ōõĖēµź╝Õ«īµłÉń╗┤õ┐ØÕĘźõĮ£’╝īÕģĘõĮōń╗┤õ┐ØÕĘźõĮ£ÕåģÕ«╣Õ”éõĖŗ’╝Ü\n1.Õ»╣4ÕÅ░ķģŹńöĄµ¤£Õż¢Ķ¦éµŻĆµ¤ź’╝ÜµĀĖµ¤źµĀćĶ»åµś»ÕÉ”ķĮÉÕģ©’╝īńĪ«Ķ«żĶ«ŠÕżćń╝¢ÕÅĘµĀćĶ»åõĖÄõŠøńöĄń│╗ń╗¤ÕøŠÕ»╣Õ║öõĖĆĶć┤’╝øµŻĆµ¤źµ¤£ķŚ©ķŚ©ķöüµś»ÕÉ”Õ«īÕźĮõĖöÕżäõ║ÄķöüķŚŁńŖČµĆü’╝īńĪ«õ┐ØÕ»åÕ░üµĆ¦ĶāĮĶē»ÕźĮŃĆé\n2.Õ»╣4ÕÅ░ķģŹńöĄµ¤£ÕåģÕģāÕÖ©õ╗ČĶ┐øĶĪīµŻĆµ¤ź’╝Üµ¤źń£ŗµ¤£Õåģ’╝łÕÉ½ķĆÜķŻÄÕŁö’╝ēµ£ēµŚĀÕ░śÕ×ó’╝īĶ«ŠÕżćÕĘźõĮ£µŚČµś»ÕÉ”ÕŁśÕ£©Õ╝éÕĖĖÕÖ¬ķ¤│õĖÄµ░öÕæ│’╝øµŻĆµ¤źÕÉäń¦Źµīćńż║ńü»µś»ÕÉ”ĶāĮÕćåńĪ«µśŠńż║ÕĘźõĮ£ńŖČµĆü’╝īÕģāÕÖ©õ╗ČÕż¢Ķ¦éµś»ÕÉ”Õ«īÕźĮŃĆüµÄÆÕłŚµś»ÕÉ”µĢ┤ķĮÉŃĆüķÖäõ╗Čµś»ÕÉ”ķĮÉÕģ©õĖöµŚĀµ«ŗń╝║ńĀ┤µŹ¤ŃĆé\n3.Õ»╣4ÕÅ░ķģŹńöĄµ¤£ÕåģÕģāÕÖ©õ╗ČńÜäÕ«ēĶŻģĶ¦äĶīāµāģÕåĄĶ┐øĶĪīµŻĆµ¤ź’╝ÜńĪ«Ķ«żńöĄµ░öÕ«ēÕģ©ĶĘØń”╗ń¼”ÕÉłµĀćÕćåĶ”üµ▒é’╝īõĖŹÕÉīµ×üµĆ¦ÕĖ”ńöĄĶŻĖķ£▓ķā©ÕłåńÜäńöĄµ░öķŚ┤ķÜÖÕżäõ║ÄÕ«ēÕģ©ĶīāÕø┤’╝øµŻĆµ¤źńöĄÕÖ©Õģāõ╗ČÕ«ēĶŻģµś»ÕÉ”ńēóķØĀŃĆüķÖäõ╗Čµś»ÕÉ”ķĮÉÕģ©ŃĆüÕćÅķ£ćµÄ¬µ¢Įµś»ÕÉ”Õ«īÕżć’╝īńĪ«õ┐ØÕģČõĖŹµē┐ÕÅŚķóØÕż¢Õ║öÕŖøŃĆé\n4.Õ»╣4ÕÅ░ķģŹńöĄµ¤£ÕåģķģŹń║┐Õ«×µ¢ĮµŻĆµ¤ź’╝Üµ¤źń£ŗµÄźń║┐ń½»ÕŁÉµ£ēµŚĀķöłĶÜĆŃĆüÕÅśĶē▓ŃĆüÕÅæńāŁÕÅŖńā¦µŹ¤ńÄ░Ķ▒Ī’╝īńĪ«Ķ«żµŚĀķüŚńĢÖÕÅ»ĶāĮÕĖ”ńöĄńÜäÕ»╝ń║┐ÕÅŖĶŻĖķ£▓ń½»ÕŁÉ’╝øµŻĆµ¤źķģŹńöĄĶ«ŠÕżćķŚ©µś»ÕÉ”µ£ēµÄźÕ£░ĶĘ©µÄźńŁēŃĆé\n5.Õ»╣4ÕÅ░ķģŹńöĄµ¤£Ķ┐øĶĪīµĖģńü░ŃĆüĶ×║õĖØń┤¦Õø║ŃĆüµłÉÕāÅõ╗¬µĖ®Õ║”µĄŗķćÅ’╝īÕ╣ČÕ»╣ńøĖÕģ│ńŚģÕ«│Ķ┐øĶĪīÕżäńĮ«ŃĆé\n6.Õ»╣ńöĄń╝åõĖÄń║┐ĶĘ»ÕÅŖµĪźµ×Čń║┐ń«Īµ£ēµŚĀńĀ┤µŹ¤’╝īÕÅśĶē▓’╝īĶĆüÕī¢µŻĆµ¤ź’╝īĶ┐ÉĶĪīµĖ®Õ║”ń╗Øń╝śńöĄķś╗µŻĆµĄŗńŁēŃĆé\n7.Õ»╣õĮÄÕÄŗµ¤£Ķüöń╗£ÕłćµŹóõŠøńöĄ’╝īµÖ║ĶāĮµ¢ŁĶĘ»ÕÖ©Ķ░āĶ»Ģ’╝īńöĄµĄüõ║Æµä¤ÕÖ©ń╗Øń╝śÕŁÉµŻĆµ¤źń╗┤µŖżõ┐ØÕģ╗Ķ░āĶ»Ģ’╝īµĢ░µŹ«µŻĆµĄŗńŁēŃĆé\n ', '      µĀ╣µŹ«ÕÉłÕÉīń║”Õ«Ü’╝īÕż¦ÕÉīĶĪīĶĮ”Õģ¼Õ»ōõĖēµź╝ń╗┤õ┐ØÕĘźõĮ£ÕĘ▓ķĪ║Õł®Õ«īµłÉ’╝īńÄ░Õ░åÕģĘõĮōń╗┤õ┐ØÕĘźõĮ£µāģÕåĄÕ░Åń╗ōÕ”éõĖŗ’╝Ü\nµ£¼µ¼Īń╗┤õ┐ØÕĘźõĮ£µČĄńø¢4ÕÅ░ķģŹńöĄµ¤£ńøĖÕģ│Ķ«Šµ¢ĮńŁēķćŹńé╣Ķ«ŠÕżćŃĆéķÆłÕ»╣ 4 ÕÅ░ķģŹńöĄµ¤£’╝īõŠØµ¼ĪÕ╝ĆÕ▒Ģõ║åÕż¢Ķ¦éµŻĆµ¤ź’╝īµĀĖµ¤źµĀćĶ»åķĮÉÕģ©µĆ¦ÕÅŖõĖÄõŠøńöĄń│╗ń╗¤ÕøŠńÜäÕ»╣Õ║öµĆ¦’╝īńĪ«õ┐Øń«▒ķŚ©ķŚ©ķöüÕ«īÕźĮŃĆüķöüķŚŁõĖöÕ»åÕ░üĶē»ÕźĮ’╝øÕ»╣µ¤£ÕåģÕģāÕÖ©õ╗ČĶ┐øĶĪīÕż¢Ķ¦éµŻĆµ¤ź’╝īµ¤źń£ŗµ¤£Õåģ’╝łÕÉ½ķĆÜķŻÄÕŁö’╝ēµ£ēµŚĀÕ░śÕ×ó’╝īĶ«ŠÕżćÕĘźõĮ£µŚČµś»ÕÉ”ÕŁśÕ£©Õ╝éÕĖĖÕÖ¬ķ¤│õĖÄµ░öÕæ│’╝īõ╗źÕÅŖµīćńż║ńü»µśŠńż║ÕćåńĪ«µĆ¦ŃĆüÕģāÕÖ©õ╗ČÕż¢Ķ¦éõĖÄµÄÆÕłŚńŖČÕåĄńŁē’╝øµŻĆµ¤źÕģāÕÖ©õ╗ČÕ«ēĶŻģĶ¦äĶīā’╝īńĪ«Ķ«żńöĄµ░öÕ«ēÕģ©ĶĘØń”╗ŃĆüÕĖ”ńöĄĶŻĖķ£▓ķā©ÕłåķŚ┤ķÜÖń¼”ÕÉłµĀćÕćå’╝øÕ«×µ¢ĮķģŹń║┐µŻĆµ¤ź’╝īµ¤źń£ŗµÄźń║┐ń½»ÕŁÉńŖČµĆü’╝īńĪ«õ┐ØµŚĀķüŚńĢÖÕĖ”ńöĄÕ»╝ń║┐ÕÅŖĶŻĖķ£▓ń½»ÕŁÉ’╝īÕÉīµŚČµŻĆµ¤źķģŹńöĄĶ«ŠÕżćķŚ©µÄźÕ£░ĶĘ©µÄźµāģÕåĄŃĆéµŁżÕż¢’╝īĶ┐śÕ»╣Ķ┐Öõ║øķģŹńöĄµ¤£Ķ┐øĶĪīõ║åµĖģńü░ŃĆüĶ×║õĖØń┤¦Õø║ŃĆüµłÉÕāÅõ╗¬µĖ®Õ║”µĄŗķćÅ’╝īÕ»╣ńöĄń╝åõĖÄń║┐ĶĘ»ÕÅŖµĪźµ×Čń║┐ń«Īµ£ēµŚĀńĀ┤µŹ¤’╝īÕÅśĶē▓’╝īĶĆüÕī¢µŻĆµ¤ź’╝īĶ┐ÉĶĪīµĖ®Õ║”ń╗Øń╝śńöĄķś╗µŻĆµĄŗ’╝īÕ»╣õĮÄÕÄŗµ¤£Ķüöń╗£ÕłćµŹóõŠøńöĄ’╝īµÖ║ĶāĮµ¢ŁĶĘ»ÕÖ©Ķ░āĶ»Ģ’╝īńöĄµĄüõ║Æµä¤ÕÖ©ń╗Øń╝śÕŁÉµŻĆµ¤źń╗┤µŖżõ┐ØÕģ╗Ķ░āĶ»Ģ’╝īµĢ░µŹ«µŻĆµĄŗÕ╣ČÕżäńĮ«õ║åńøĖÕģ│ńŚģÕ«│ŃĆé\nµ£¼µ¼Īń╗┤õ┐ØÕ«×ńÄ░õ║åÕ»╣Õż¦ÕÉīĶĪīĶĮ”Õģ¼Õ»ōõĖēµź╝4ÕÅ░ķģŹńöĄµ¤£µł┐Õ╗║Ķ«ŠÕżćńÜäµŁŻÕĖĖĶ┐ÉĶĪīõ┐ØķÜ£’╝īĶŠŠÕł░õ║åķóäµ£¤ńÜäÕĘźõĮ£ńø«µĀćŃĆé', 'ÕĘĪµŻĆÕæś-1771136820', 'ńøæµŖż-1771136820', '2026-02-15 10:00:00', 'ĶüöĶ░āÕĘĪµŻĆ', '2026-02-20 10:16:49', '2026-02-22 18:57:30');
COMMIT;

-- ----------------------------
-- Table structure for sys_menu
-- ----------------------------
DROP TABLE IF EXISTS `sys_menu`;
CREATE TABLE `sys_menu` (
  `id` int NOT NULL AUTO_INCREMENT,
  `name` varchar(100) COLLATE utf8mb4_general_ci NOT NULL,
  `path` varchar(255) COLLATE utf8mb4_general_ci DEFAULT NULL,
  `icon` varchar(100) COLLATE utf8mb4_general_ci DEFAULT NULL,
  `description` varchar(255) COLLATE utf8mb4_general_ci DEFAULT NULL,
  `pid` int DEFAULT NULL,
  `page_path` varchar(255) COLLATE utf8mb4_general_ci DEFAULT NULL,
  `hide_menu` varchar(20) COLLATE utf8mb4_general_ci DEFAULT NULL,
  PRIMARY KEY (`id`)
) ENGINE=InnoDB AUTO_INCREMENT=20 DEFAULT CHARSET=utf8mb4 COLLATE=utf8mb4_general_ci;

-- ----------------------------
-- Records of sys_menu
-- ----------------------------
BEGIN;
INSERT INTO `sys_menu` (`id`, `name`, `path`, `icon`, `description`, `pid`, `page_path`, `hide_menu`) VALUES (1, 'ķ”¢ķĪĄ', '/home', 'House', 'ķ”¢ķĪĄ', NULL, NULL, NULL);
INSERT INTO `sys_menu` (`id`, `name`, `path`, `icon`, `description`, `pid`, `page_path`, `hide_menu`) VALUES (2, 'ķģŹńöĄń«▒ń«ĪńÉå', '/box', 'Box', 'ķģŹńöĄń«▒ń«ĪńÉå', NULL, NULL, NULL);
INSERT INTO `sys_menu` (`id`, `name`, `path`, `icon`, `description`, `pid`, `page_path`, `hide_menu`) VALUES (3, 'ÕģāÕÖ©õ╗Čń«ĪńÉå', '/components', 'Cpu', 'ÕģāÕÖ©õ╗Čń«ĪńÉå', NULL, NULL, NULL);
INSERT INTO `sys_menu` (`id`, `name`, `path`, `icon`, `description`, `pid`, `page_path`, `hide_menu`) VALUES (4, 'ÕĘĪµŻĆń«ĪńÉå', '/inspection', 'View', 'ÕĘĪµŻĆń«ĪńÉå', NULL, NULL, NULL);
INSERT INTO `sys_menu` (`id`, `name`, `path`, `icon`, `description`, `pid`, `page_path`, `hide_menu`) VALUES (5, 'µŻĆµĄŗń«ĪńÉå', '/detect', 'Detection', 'µŻĆµĄŗń«ĪńÉå', NULL, NULL, NULL);
INSERT INTO `sys_menu` (`id`, `name`, `path`, `icon`, `description`, `pid`, `page_path`, `hide_menu`) VALUES (6, 'µŖĮµŻĆń«ĪńÉå', '/check', 'Checked', 'µŖĮµŻĆń«ĪńÉå', NULL, NULL, NULL);
INSERT INTO `sys_menu` (`id`, `name`, `path`, `icon`, `description`, `pid`, `page_path`, `hide_menu`) VALUES (7, 'Ķ«░ÕĮĢń«ĪńÉå', '/record', 'Document', 'Ķ«░ÕĮĢń«ĪńÉå', NULL, NULL, NULL);
INSERT INTO `sys_menu` (`id`, `name`, `path`, `icon`, `description`, `pid`, `page_path`, `hide_menu`) VALUES (8, 'ń╗┤õ┐ØĶ«░ÕĮĢ', '/maintenance', 'Tools', 'ń╗┤µŖżń«ĪńÉå', NULL, NULL, NULL);
INSERT INTO `sys_menu` (`id`, `name`, `path`, `icon`, `description`, `pid`, `page_path`, `hide_menu`) VALUES (9, 'µŻĆõ┐«Ķ«░ÕĮĢ', '/overhaul', 'SetUp', 'õ┐«ńÉåń«ĪńÉå', NULL, NULL, NULL);
INSERT INTO `sys_menu` (`id`, `name`, `path`, `icon`, `description`, `pid`, `page_path`, `hide_menu`) VALUES (10, 'µ¢ćõ╗Čń«ĪńÉå', '/files', 'Folder', 'µ¢ćõ╗Čń«ĪńÉå', NULL, NULL, NULL);
INSERT INTO `sys_menu` (`id`, `name`, `path`, `icon`, `description`, `pid`, `page_path`, `hide_menu`) VALUES (11, 'Ķ»Šń©ŗń«ĪńÉå', '/course', 'Reading', 'Ķ»Šń©ŗń«ĪńÉå', NULL, NULL, NULL);
INSERT INTO `sys_menu` (`id`, `name`, `path`, `icon`, `description`, `pid`, `page_path`, `hide_menu`) VALUES (12, 'ń©ÄÕŖĪń«ĪńÉå', '/tax', 'Money', 'ń©ÄÕŖĪń«ĪńÉå', NULL, NULL, NULL);
INSERT INTO `sys_menu` (`id`, `name`, `path`, `icon`, `description`, `pid`, `page_path`, `hide_menu`) VALUES (13, 'ńö©µłĘń«ĪńÉå', '/users', 'User', 'ńö©µłĘń«ĪńÉå', NULL, NULL, NULL);
INSERT INTO `sys_menu` (`id`, `name`, `path`, `icon`, `description`, `pid`, `page_path`, `hide_menu`) VALUES (14, 'Ķ¦ÆĶē▓ń«ĪńÉå', '/roles', 'Avatar', 'Ķ¦ÆĶē▓ń«ĪńÉå', NULL, NULL, NULL);
INSERT INTO `sys_menu` (`id`, `name`, `path`, `icon`, `description`, `pid`, `page_path`, `hide_menu`) VALUES (15, 'ĶÅ£ÕŹĢń«ĪńÉå', '/menus', 'Menu', 'ĶÅ£ÕŹĢń«ĪńÉå', NULL, NULL, NULL);
INSERT INTO `sys_menu` (`id`, `name`, `path`, `icon`, `description`, `pid`, `page_path`, `hide_menu`) VALUES (16, 'ķā©ķŚ©ń«ĪńÉå', '/departments', 'OfficeBuilding', 'ķā©ķŚ©ń«ĪńÉå', NULL, NULL, NULL);
INSERT INTO `sys_menu` (`id`, `name`, `path`, `icon`, `description`, `pid`, `page_path`, `hide_menu`) VALUES (17, 'ń╗¤Ķ«ĪÕøŠĶĪ©', '/echarts', 'DataLine', 'ń╗¤Ķ«ĪÕøŠĶĪ©', NULL, NULL, NULL);
INSERT INTO `sys_menu` (`id`, `name`, `path`, `icon`, `description`, `pid`, `page_path`, `hide_menu`) VALUES (18, 'Õ£░ÕøŠ', '/map', 'Location', 'Õ£░ÕøŠ', NULL, NULL, NULL);
INSERT INTO `sys_menu` (`id`, `name`, `path`, `icon`, `description`, `pid`, `page_path`, `hide_menu`) VALUES (19, 'ń½Öńé╣ń«ĪńÉå', '/station', 'Place', 'ń½Öńé╣ń«ĪńÉå', NULL, NULL, NULL);
COMMIT;

-- ----------------------------
-- Table structure for sys_overhaul_item
-- ----------------------------
DROP TABLE IF EXISTS `sys_overhaul_item`;
CREATE TABLE `sys_overhaul_item` (
  `id` int NOT NULL AUTO_INCREMENT,
  `task_id` int NOT NULL,
  `box_id` int NOT NULL,
  `components` varchar(255) COLLATE utf8mb4_general_ci DEFAULT NULL,
  `fault_phenomenon` varchar(255) COLLATE utf8mb4_general_ci DEFAULT NULL,
  `fault_reason` varchar(255) COLLATE utf8mb4_general_ci DEFAULT NULL,
  `fix_process` text COLLATE utf8mb4_general_ci,
  `remark` varchar(255) COLLATE utf8mb4_general_ci DEFAULT NULL,
  `first_url` varchar(500) COLLATE utf8mb4_general_ci DEFAULT NULL,
  `second_url` varchar(500) COLLATE utf8mb4_general_ci DEFAULT NULL,
  `third_url` varchar(500) COLLATE utf8mb4_general_ci DEFAULT NULL,
  `fourth_url` varchar(500) COLLATE utf8mb4_general_ci DEFAULT NULL,
  `created_at` datetime NOT NULL DEFAULT CURRENT_TIMESTAMP,
  `updated_at` datetime NOT NULL DEFAULT CURRENT_TIMESTAMP ON UPDATE CURRENT_TIMESTAMP,
  PRIMARY KEY (`id`),
  UNIQUE KEY `uk_overhaul_item_task_box` (`task_id`,`box_id`),
  KEY `idx_overhaul_item_box_id` (`box_id`),
  CONSTRAINT `fk_overhaul_item_box` FOREIGN KEY (`box_id`) REFERENCES `sys_box` (`id`),
  CONSTRAINT `fk_overhaul_item_task` FOREIGN KEY (`task_id`) REFERENCES `sys_overhaul_task` (`id`)
) ENGINE=InnoDB AUTO_INCREMENT=8 DEFAULT CHARSET=utf8mb4 COLLATE=utf8mb4_general_ci;

-- ----------------------------
-- Records of sys_overhaul_item
-- ----------------------------
BEGIN;
INSERT INTO `sys_overhaul_item` (`id`, `task_id`, `box_id`, `components`, `fault_phenomenon`, `fault_reason`, `fix_process`, `remark`, `first_url`, `second_url`, `third_url`, `fourth_url`, `created_at`, `updated_at`) VALUES (1, 1, 6, 'ĶüöĶ░āµø┤µŹó', 'ĶüöĶ░āµĢģķÜ£', 'ĶüöĶ░āÕÄ¤ÕøĀ', 'ĶüöĶ░āÕżäńÉå', 'ĶüöĶ░āµŖóõ┐«', NULL, NULL, NULL, NULL, '2026-02-20 10:16:49', '2026-02-20 10:16:49');
INSERT INTO `sys_overhaul_item` (`id`, `task_id`, `box_id`, `components`, `fault_phenomenon`, `fault_reason`, `fix_process`, `remark`, `first_url`, `second_url`, `third_url`, `fourth_url`, `created_at`, `updated_at`) VALUES (2, 1, 5, 'ĶüöĶ░āµø┤µŹó', 'ĶüöĶ░āµĢģķÜ£', 'ĶüöĶ░āÕÄ¤ÕøĀ', 'ĶüöĶ░āÕżäńÉå', 'ĶüöĶ░āµŖóõ┐«', NULL, NULL, NULL, NULL, '2026-02-20 10:16:49', '2026-02-20 10:16:49');
INSERT INTO `sys_overhaul_item` (`id`, `task_id`, `box_id`, `components`, `fault_phenomenon`, `fault_reason`, `fix_process`, `remark`, `first_url`, `second_url`, `third_url`, `fourth_url`, `created_at`, `updated_at`) VALUES (3, 2, 8, 'ĶüöĶ░āµø┤µŹó', 'ĶüöĶ░āµĢģķÜ£', 'ĶüöĶ░āÕÄ¤ÕøĀ', 'ĶüöĶ░āÕżäńÉå', 'ĶüöĶ░āµŖóõ┐«', NULL, NULL, NULL, NULL, '2026-02-20 10:16:49', '2026-02-20 10:16:49');
INSERT INTO `sys_overhaul_item` (`id`, `task_id`, `box_id`, `components`, `fault_phenomenon`, `fault_reason`, `fix_process`, `remark`, `first_url`, `second_url`, `third_url`, `fourth_url`, `created_at`, `updated_at`) VALUES (4, 2, 7, 'ĶüöĶ░āµø┤µŹó', 'ĶüöĶ░āµĢģķÜ£', 'ĶüöĶ░āÕÄ¤ÕøĀ', 'ĶüöĶ░āÕżäńÉå', 'ĶüöĶ░āµŖóõ┐«', NULL, NULL, NULL, NULL, '2026-02-20 10:16:49', '2026-02-20 10:16:49');
COMMIT;

-- ----------------------------
-- Table structure for sys_overhaul_task
-- ----------------------------
DROP TABLE IF EXISTS `sys_overhaul_task`;
CREATE TABLE `sys_overhaul_task` (
  `id` int NOT NULL AUTO_INCREMENT,
  `task_no` varchar(64) COLLATE utf8mb4_general_ci NOT NULL,
  `report_user` varchar(100) COLLATE utf8mb4_general_ci DEFAULT NULL,
  `report_time` datetime DEFAULT NULL,
  `fix_user` varchar(100) COLLATE utf8mb4_general_ci DEFAULT NULL,
  `fix_time` datetime DEFAULT NULL,
  `remark` varchar(255) COLLATE utf8mb4_general_ci DEFAULT NULL,
  `created_at` datetime NOT NULL DEFAULT CURRENT_TIMESTAMP,
  `updated_at` datetime NOT NULL DEFAULT CURRENT_TIMESTAMP ON UPDATE CURRENT_TIMESTAMP,
  PRIMARY KEY (`id`),
  UNIQUE KEY `uk_overhaul_task_task_no` (`task_no`)
) ENGINE=InnoDB AUTO_INCREMENT=3 DEFAULT CHARSET=utf8mb4 COLLATE=utf8mb4_general_ci;

-- ----------------------------
-- Records of sys_overhaul_task
-- ----------------------------
BEGIN;
INSERT INTO `sys_overhaul_task` (`id`, `task_no`, `report_user`, `report_time`, `fix_user`, `fix_time`, `remark`, `created_at`, `updated_at`) VALUES (1, 'OT00000001', 'µŖźõ┐«-1771136632', '2026-02-14 16:00:00', 'µŖóõ┐«-1771136632', '2026-02-14 16:00:00', 'ĶüöĶ░āµŖóõ┐«', '2026-02-20 10:16:49', '2026-02-20 10:16:49');
INSERT INTO `sys_overhaul_task` (`id`, `task_no`, `report_user`, `report_time`, `fix_user`, `fix_time`, `remark`, `created_at`, `updated_at`) VALUES (2, 'OT00000002', 'µŖźõ┐«-1771136820', '2026-02-14 16:00:00', 'µŖóõ┐«-1771136820', '2026-02-14 16:00:00', 'ĶüöĶ░āµŖóõ┐«', '2026-02-20 10:16:49', '2026-02-20 10:16:49');
COMMIT;

-- ----------------------------
-- Table structure for sys_role
-- ----------------------------
DROP TABLE IF EXISTS `sys_role`;
CREATE TABLE `sys_role` (
  `id` int NOT NULL AUTO_INCREMENT,
  `name` varchar(100) COLLATE utf8mb4_general_ci NOT NULL,
  `description` varchar(255) COLLATE utf8mb4_general_ci DEFAULT NULL,
  `identity` varchar(100) COLLATE utf8mb4_general_ci DEFAULT NULL,
  PRIMARY KEY (`id`)
) ENGINE=InnoDB AUTO_INCREMENT=2 DEFAULT CHARSET=utf8mb4 COLLATE=utf8mb4_general_ci;

-- ----------------------------
-- Records of sys_role
-- ----------------------------
BEGIN;
INSERT INTO `sys_role` (`id`, `name`, `description`, `identity`) VALUES (1, 'ĶČģń║¦ń«ĪńÉåÕæś', 'µŗźµ£ēµēĆµ£ēµØāķÖÉ', 'ROLE_ADMIN');
COMMIT;

-- ----------------------------
-- Table structure for sys_role_menu
-- ----------------------------
DROP TABLE IF EXISTS `sys_role_menu`;
CREATE TABLE `sys_role_menu` (
  `role_id` int NOT NULL,
  `menu_id` int NOT NULL,
  PRIMARY KEY (`role_id`,`menu_id`)
) ENGINE=InnoDB DEFAULT CHARSET=utf8mb4 COLLATE=utf8mb4_general_ci;

-- ----------------------------
-- Records of sys_role_menu
-- ----------------------------
BEGIN;
INSERT INTO `sys_role_menu` (`role_id`, `menu_id`) VALUES (1, 1);
INSERT INTO `sys_role_menu` (`role_id`, `menu_id`) VALUES (1, 2);
INSERT INTO `sys_role_menu` (`role_id`, `menu_id`) VALUES (1, 3);
INSERT INTO `sys_role_menu` (`role_id`, `menu_id`) VALUES (1, 4);
INSERT INTO `sys_role_menu` (`role_id`, `menu_id`) VALUES (1, 5);
INSERT INTO `sys_role_menu` (`role_id`, `menu_id`) VALUES (1, 6);
INSERT INTO `sys_role_menu` (`role_id`, `menu_id`) VALUES (1, 7);
INSERT INTO `sys_role_menu` (`role_id`, `menu_id`) VALUES (1, 8);
INSERT INTO `sys_role_menu` (`role_id`, `menu_id`) VALUES (1, 9);
INSERT INTO `sys_role_menu` (`role_id`, `menu_id`) VALUES (1, 10);
INSERT INTO `sys_role_menu` (`role_id`, `menu_id`) VALUES (1, 11);
INSERT INTO `sys_role_menu` (`role_id`, `menu_id`) VALUES (1, 12);
INSERT INTO `sys_role_menu` (`role_id`, `menu_id`) VALUES (1, 13);
INSERT INTO `sys_role_menu` (`role_id`, `menu_id`) VALUES (1, 14);
INSERT INTO `sys_role_menu` (`role_id`, `menu_id`) VALUES (1, 15);
INSERT INTO `sys_role_menu` (`role_id`, `menu_id`) VALUES (1, 16);
INSERT INTO `sys_role_menu` (`role_id`, `menu_id`) VALUES (1, 17);
INSERT INTO `sys_role_menu` (`role_id`, `menu_id`) VALUES (1, 18);
INSERT INTO `sys_role_menu` (`role_id`, `menu_id`) VALUES (1, 19);
COMMIT;

-- ----------------------------
-- Table structure for sys_user
-- ----------------------------
DROP TABLE IF EXISTS `sys_user`;
CREATE TABLE `sys_user` (
  `id` int NOT NULL AUTO_INCREMENT,
  `username` varchar(100) COLLATE utf8mb4_general_ci NOT NULL,
  `password` varchar(255) COLLATE utf8mb4_general_ci NOT NULL,
  `nickname` varchar(100) COLLATE utf8mb4_general_ci DEFAULT NULL,
  `email` varchar(200) COLLATE utf8mb4_general_ci DEFAULT NULL,
  `phone` varchar(50) COLLATE utf8mb4_general_ci DEFAULT NULL,
  `address` varchar(255) COLLATE utf8mb4_general_ci DEFAULT NULL,
  `create_time` datetime DEFAULT NULL,
  `avatar_url` varchar(500) COLLATE utf8mb4_general_ci DEFAULT NULL,
  `role` varchar(50) COLLATE utf8mb4_general_ci DEFAULT NULL,
  PRIMARY KEY (`id`)
) ENGINE=InnoDB AUTO_INCREMENT=9 DEFAULT CHARSET=utf8mb4 COLLATE=utf8mb4_general_ci;

-- ----------------------------
-- Records of sys_user
-- ----------------------------
BEGIN;
INSERT INTO `sys_user` (`id`, `username`, `password`, `nickname`, `email`, `phone`, `address`, `create_time`, `avatar_url`, `role`) VALUES (1, 'admin', '123456', 'ĶČģń║¦ń«ĪńÉåÕæś', 'admin@example.com', NULL, NULL, '2026-02-10 11:43:58', NULL, 'ROLE_ADMIN');
INSERT INTO `sys_user` (`id`, `username`, `password`, `nickname`, `email`, `phone`, `address`, `create_time`, `avatar_url`, `role`) VALUES (4, 'qa_api', 'qa_api_123', 'ĶüöĶ░āĶ┤”ÕÅĘ', NULL, NULL, NULL, '2026-02-15 14:22:17', NULL, 'ROLE_ADMIN');
INSERT INTO `sys_user` (`id`, `username`, `password`, `nickname`, `email`, `phone`, `address`, `create_time`, `avatar_url`, `role`) VALUES (5, 'testuser210204', '123456', 'µÖ«ķĆÜńö©µłĘ', NULL, NULL, NULL, NULL, NULL, 'ROLE_USER');
INSERT INTO `sys_user` (`id`, `username`, `password`, `nickname`, `email`, `phone`, `address`, `create_time`, `avatar_url`, `role`) VALUES (6, 'u124_1771374914', '123456', 'v124ńö©µłĘ', NULL, NULL, NULL, NULL, NULL, 'TECHNICIAN');
INSERT INTO `sys_user` (`id`, `username`, `password`, `nickname`, `email`, `phone`, `address`, `create_time`, `avatar_url`, `role`) VALUES (7, 'u124_1771375058', '123456', 'v124ńö©µłĘ', NULL, NULL, NULL, NULL, NULL, 'TECHNICIAN');
INSERT INTO `sys_user` (`id`, `username`, `password`, `nickname`, `email`, `phone`, `address`, `create_time`, `avatar_url`, `role`) VALUES (8, 'u124_1771375101', '123456', 'v124ńö©µłĘ', NULL, NULL, NULL, NULL, NULL, 'TECHNICIAN');
COMMIT;

SET FOREIGN_KEY_CHECKS = 1;
